{"cameraMode":{"drawMode":0,"name":"Shaded","section":"Shading Mode"},"sceneLighting":true,"audioPlay":false,"sceneViewState":{"m_AlwaysRefresh":false,"showFog":true,"showSkybox":true,"showFlares":true,"showImageEffects":true,"showParticleSystems":true,"showVisualEffectGraphs":true,"m_FxEnabled":true},"in2DMode":false,"pivot":{"x":-0.23569008708000184,"y":-0.05176873505115509,"z":-0.9750722646713257},"rotation":{"x":-0.4492834210395813,"y":-0.04125197231769562,"z":0.020773325115442277,"w":-0.8921955227851868},"size":3.1438567638397219,"orthographic":false}